{
  "identifier": "10.1038/s41597-020-0397-7",
  "title": "Metadata record for: Tesco Grocery 1.0, a large-scale dataset of grocery purchases in London",
  "relatedPublications": [
    "https://doi.org/10.1140/epjds/s13688-019-0191-y "
  ],
  "repositories": [
    {
      "name": "figshare",
      "value": "https://doi.org/10.6084/m9.figshare.c.4769354.v2"
    }
  ],
  "assays": [
    {
      "measurementType": {
        "annotationValue": "food product type",
        "termAccession": "http://purl.obolibrary.org/obo/FOODON_03400361",
        "termSource": "ENVO"
      },
      "technologyType": {
        "annotationValue": "digital curation",
        "termAccession": "http://purl.obolibrary.org/obo/OBI_0302914",
        "termSource": "OBI"
      }
    },
    {
      "measurementType": {
        "annotationValue": "Purchase",
        "termAccession": "http://ncicb.nci.nih.gov/xml/owl/EVS/Thesaurus.owl#C122672",
        "termSource": "NCIT"
      },
      "technologyType": {
        "annotationValue": "digital curation",
        "termAccession": "http://purl.obolibrary.org/obo/OBI_0302914",
        "termSource": "OBI"
      }
    },
    {
      "measurementType": {
        "annotationValue": "nutrient",
        "termAccession": "http://purl.obolibrary.org/obo/CHEBI_33284",
        "termSource": "CHEBI"
      },
      "technologyType": {
        "annotationValue": "digital curation",
        "termAccession": "http://purl.obolibrary.org/obo/OBI_0302914",
        "termSource": "OBI"
      }
    },
    {
      "measurementType": {
        "annotationValue": "energy intake",
        "termAccession": "http://www.ebi.ac.uk/efo/EFO_0003939",
        "termSource": "EFO"
      },
      "technologyType": {
        "annotationValue": "digital curation",
        "termAccession": "http://purl.obolibrary.org/obo/OBI_0302914",
        "termSource": "OBI"
      }
    },
    {
      "measurementType": {
        "annotationValue": "geographic location",
        "termAccession": "http://purl.obolibrary.org/obo/GAZ_00000448",
        "termSource": "OBI"
      },
      "technologyType": {
        "annotationValue": "digital curation",
        "termAccession": "http://purl.obolibrary.org/obo/OBI_0302914",
        "termSource": "OBI"
      }
    }
  ],
  "factors": [
    {
      "name": "age",
      "type": {
        "annotationValue": "age",
        "termAccession": "http://purl.obolibrary.org/obo/PATO_0000011",
        "termSource": "ENVO"
      }
    },
    {
      "name": "sex",
      "type": {
        "annotationValue": "biological sex",
        "termAccession": "http://purl.obolibrary.org/obo/PATO_0000047",
        "termSource": "OBI"
      }
    },
    {
      "name": "population density",
      "type": {
        "annotationValue": "Population Density",
        "termAccession": "http://ncicb.nci.nih.gov/xml/owl/EVS/Thesaurus.owl#C53338",
        "termSource": "NCIT"
      }
    }
  ],
  "studyCharacteristics": {
    "organism": [],
    "environmentType": [
      {
        "annotationValue": "grocery store",
        "termAccession": "http://purl.obolibrary.org/obo/ENVO_01000984",
        "termSource": "ENVO"
      }
    ],
    "geographicalLocation": [
      {
        "annotationValue": "Greater London Region",
        "termAccession": "http://purl.obolibrary.org/obo/GAZ_00003671",
        "termSource": "GAZ"
      }
    ]
  },
  "ontologySourceReferences": {
    "ENVO": {
      "name": "ENVO",
      "description": "Environment Ontology",
      "file": "http://data.bioontology.org/ontologies/ENVO",
      "version": null
    },
    "OBI": {
      "name": "OBI",
      "description": "Ontology for Biomedical Investigations",
      "file": "http://data.bioontology.org/ontologies/OBI",
      "version": "2018-08-27"
    },
    "NCIT": {
      "name": "NCIT",
      "description": "National Cancer Institute Thesaurus",
      "file": "http://data.bioontology.org/ontologies/NCIT",
      "version": "20.01d"
    },
    "CHEBI": {
      "name": "CHEBI",
      "description": "Chemical Entities of Biological Interest Ontology",
      "file": "http://data.bioontology.org/ontologies/CHEBI",
      "version": "172"
    },
    "EFO": {
      "name": "EFO",
      "description": "Experimental Factor Ontology",
      "file": "http://data.bioontology.org/ontologies/EFO",
      "version": "2.105"
    },
    "GAZ": {
      "name": "GAZ",
      "description": "Gazetteer",
      "file": "http://data.bioontology.org/ontologies/GAZ",
      "version": "$Revision: 1.512 $"
    }
  },
  "comments": [
    {
      "name": "Created With Configuration",
      "value": "1.0"
    },
    {
      "name": "Data Descriptor License",
      "value": "CC-BY-4.0"
    }
  ]
}